feature,rule,threshold,p_value,signals,successes,failures,success_rate,success_rate_ci95_clustered,base_rate_all_rows,lift,odds_ratio,fisher_p_value,relative_risk,median_return_20,mean_return_20,tickers,q_value_bh,significant_bh_05
rsi_pre,bottom_10,21.320316468300152,0.8947513819164474,113,18,95,0.1592920353982301,"[0.07625119923249121, 0.24753321485994753]",0.16725352112676056,0.952398695854681,0.937454100367197,0.8947513819164474,0.952398695854681,27.590844700680073,111.01939396834034,43,0.9410316258086775,False
rsi_pre,bottom_20,25.70526090431342,0.6194249154327092,227,35,192,0.15418502202643172,"[0.08971674876847291, 0.22326153981677235]",0.16725352112676056,0.921864131694876,0.886760752688172,0.6194249154327092,0.921864131694876,22.87581897952171,99.93215533458199,83,0.7875270444077397,False
rsi_pre,bottom_30,29.465277189164105,0.2971655751251492,339,63,276,0.18584070796460178,"[0.12683820162988738, 0.2478087673485178]",0.16725352112676056,1.1111318118304612,1.2042108866826429,0.2971655751251492,1.1111318118304612,23.348016556962612,102.25796023367636,126,0.5035305578509472,False
rsi_pre,median,35.4137488514864,0.13196749485692133,565,104,461,0.184070796460177,"[0.13948820316865232, 0.23090690736245956]",0.16725352112676056,1.1005496040987424,1.272259496544418,0.13196749485692133,1.1005496040987424,23.348016556962612,87.0716955617151,183,0.30377423344423404,False
rsi_pre,top_30,41.86033289570919,0.2596289124911778,339,50,289,0.14749262536873156,"[0.09808379911228012, 0.2042297812029409]",0.16725352112676056,0.8818506443098898,0.8119130004943154,0.2596289124911778,0.8818506443098898,20.102220241583414,92.91070740008989,142,0.4799201109685408,False
rsi_pre,top_20,46.64384895643391,0.19594468473472476,227,31,196,0.13656387665198239,"[0.07920792079207921, 0.19915584415584414]",0.16725352112676056,0.8165082309297473,0.7460531382364266,0.19594468473472476,0.8165082309297473,17.998696831031413,100.24992279561866,95,0.40468481590203853,False
rsi_pre,top_10,54.56063441724651,0.43176212663313285,116,16,100,0.13793103448275862,"[0.05713704994192799, 0.2376447067783701]",0.16725352112676056,0.8246823956442831,0.7779310344827586,0.43176212663313285,0.8246823956442831,18.749351038120075,72.61727985063648,53,0.6503083882622495,False
rsi_change_1,bottom_10,-4.936443766466979,0.428674450936664,114,22,92,0.19298245614035087,"[0.10613416263149107, 0.29246909564085877]",0.16725352112676056,1.153831948291782,1.2155797101449275,0.428674450936664,1.153831948291782,28.536989851572123,100.13878371587404,74,0.6503083882622495,False
rsi_change_1,bottom_20,-2.0578667370972226,0.1111009749701755,226,46,180,0.20353982300884957,"[0.1333119658119658, 0.27826189499589826]",0.16725352112676056,1.216953889147648,1.3594135802469136,0.1111009749701755,1.216953889147648,29.45221519678106,88.94017730453102,135,0.27661875400737573,False
rsi_change_1,bottom_30,-0.5661973178481979,0.2971655751251492,339,63,276,0.18584070796460178,"[0.12986765143253692, 0.239800979453568]",0.16725352112676056,1.1111318118304612,1.2042108866826429,0.2971655751251492,1.1111318118304612,28.27585883713233,98.43982245514343,181,0.5035305578509472,False
rsi_change_1,median,0.4665743269889866,0.2336368186339495,564,102,462,0.18085106382978725,"[0.13909741342793602, 0.22183549589758667]",0.16725352112676056,1.0812989921612544,1.2142857142857142,0.2336368186339495,1.0812989921612544,27.063053276143577,92.69424353645017,225,0.44537018552096624,False
rsi_change_1,top_30,4.059124205773557,0.14013411165644157,339,48,291,0.1415929203539823,"[0.09364789544493561, 0.19300285597715217]",0.16725352112676056,0.8465766185374942,0.7608537824887469,0.14013411165644157,0.8465766185374942,22.043008788608674,72.29249542221226,158,0.31659928929788655,False
rsi_change_1,top_20,6.879395553838365,0.2740227759991305,226,32,194,0.1415929203539823,"[0.08580963119226014, 0.20982799369747898]",0.16725352112676056,0.8465766185374942,0.7850711209708992,0.2740227759991305,0.8465766185374942,22.264146903266656,76.88956826022539,120,0.4845742413977361,False
rsi_change_1,top_10,9.965577609253085,0.8947513819164474,113,18,95,0.1592920353982301,"[0.0727090909090909, 0.26416481687014426]",0.16725352112676056,0.952398695854681,0.937454100367197,0.8947513819164474,0.952398695854681,28.96175002766985,80.64117333265483,64,0.9410316258086775,False
rsi_change_3,bottom_10,-7.918429653455871,0.18419152957392487,113,24,89,0.21238938053097345,"[0.11627387873754153, 0.3118279569892473]",0.16725352112676056,1.2698649278062413,1.3921754433464193,0.18419152957392487,1.2698649278062413,30.66202611605653,64.18708394716975,72,0.38743735531066953,False
rsi_change_3,bottom_20,-4.116358300672869,0.1111009749701755,226,46,180,0.20353982300884957,"[0.1361697133153531, 0.2678736772486772]",0.16725352112676056,1.216953889147648,1.3594135802469136,0.1111009749701755,1.216953889147648,29.657819471249503,77.74761368230666,134,0.27661875400737573,False
rsi_change_3,bottom_30,-1.5705094515997613,0.6019654159334096,338,53,285,0.15680473372781065,"[0.1071223316912972, 0.2073791916358536]",0.16725352112676056,0.9375272500778573,0.897246766551415,0.6019654159334096,0.9375272500778573,26.24303578793633,75.43897982239486,177,0.7875270444077397,False
rsi_change_3,median,0.21043887703876862,0.47573656834684364,565,99,466,0.1752212389380531,"[0.1339614218328841, 0.21631798771351513]",0.16725352112676056,1.0476385654401492,1.1205961420553696,0.47573656834684364,1.0476385654401492,23.943665046063888,86.75526633576263,222,0.6828218980978226,False
rsi_change_3,top_30,4.4116393540162235,0.7282765970419793,339,59,280,0.17404129793510326,"[0.12229859942456979, 0.2301525843108504]",0.16725352112676056,1.04058376028567,1.0712649945474373,0.7282765970419793,1.04058376028567,20.43910579954098,75.9415630063685,153,0.8807567074291738,False
rsi_change_3,top_20,7.0931538264783995,0.5531841962533246,229,35,194,0.15283842794759825,"[0.09496263022799335, 0.21368159203980097]",0.16725352112676056,0.9138129165709032,0.8752909876953775,0.5531841962533246,0.9138129165709032,21.654497264567453,62.82437591603902,119,0.7757295625621334,False
rsi_change_3,top_10,11.299070446705738,0.23180084499509213,113,14,99,0.12389380530973451,"[0.04672353836122582, 0.2093218682821966]",0.16725352112676056,0.7407545412203074,0.6805555555555556,0.23180084499509213,0.7407545412203074,21.788279838968805,81.28690895474165,65,0.44537018552096624,False
rsi_change_5,bottom_10,-12.294641473709547,0.42538862791539545,113,22,91,0.19469026548672566,"[0.09565217391304348, 0.2963269054178145]",0.16725352112676056,1.1640428504890545,1.2303767660910518,0.42538862791539545,1.1640428504890545,29.87013308711195,91.96694833050225,65,0.6503083882622495,False
rsi_change_5,bottom_20,-7.097212381643338,0.04650384455010041,226,48,178,0.21238938053097345,"[0.14352358168147641, 0.27888659952464817]",0.16725352112676056,1.2698649278062413,1.458458616869758,0.04650384455010041,1.2698649278062413,27.085953350775927,105.96442956329915,127,0.1575963620864514,False
rsi_change_5,bottom_30,-3.598843213910186,0.11728316007699033,338,66,272,0.1952662721893491,"[0.14285714285714285, 0.25]",0.16725352112676056,1.1674867642478979,1.318904174573055,0.11728316007699033,1.1674867642478979,26.75376940675679,91.73569876023419,169,0.280515141795374,False
rsi_change_5,median,-0.01792212019284989,0.47449590368976086,563,99,464,0.17584369449378331,"[0.13227365434069344, 0.21691225101151573]",0.16725352112676056,1.0513601944470412,1.1301155740810913,0.47449590368976086,1.0513601944470412,24.675332717779884,82.83809141245267,223,0.6828218980978226,False
rsi_change_5,top_30,4.1447159727327865,0.6645700471159405,338,59,279,0.17455621301775148,"[0.1209406244104886, 0.22720713775501308]",0.16725352112676056,1.04366241046403,1.0767189252783933,0.6645700471159405,1.04366241046403,22.32998504924644,87.10958022039814,158,0.8273218953892321,False
rsi_change_5,top_20,7.5043408071040005,0.27406248079052287,227,32,195,0.14096916299559473,"[0.08069955156950673, 0.2077127659574468]",0.16725352112676056,0.8428472061210295,0.7800064913988964,0.27406248079052287,0.8428472061210295,20.711564652394188,76.10891088382066,121,0.4845742413977361,False
rsi_change_5,top_10,12.631983229836091,0.8947513819164474,113,18,95,0.1592920353982301,"[0.07514650597080938, 0.24786666666666668]",0.16725352112676056,0.952398695854681,0.937454100367197,0.8947513819164474,0.952398695854681,21.788279838968805,77.84919199704238,68,0.9410316258086775,False
rsi_change_10,bottom_10,-19.657904684355827,0.5077245093876896,113,16,97,0.1415929203539823,"[0.06665289256198347, 0.22081529581529577]",0.16725352112676056,0.8465766185374942,0.8048346960540348,0.5077245093876896,0.8465766185374942,24.675332717779884,52.320512981590404,62,0.7202603505267224,False
rsi_change_10,bottom_20,-12.472626429356282,0.4256864527798022,226,42,184,0.18584070796460178,"[0.12032845914458985, 0.24896465928709247]",0.16725352112676056,1.1111318118304612,1.175235017626322,0.4256864527798022,1.1111318118304612,27.085953350775927,78.1000872851217,115,0.6503083882622495,False
rsi_change_10,bottom_30,-6.905186530030157,0.6645700471159405,338,59,279,0.17455621301775148,"[0.12074169958364471, 0.22917404390934842]",0.16725352112676056,1.04366241046403,1.0767189252783933,0.6645700471159405,1.04366241046403,24.18350479798219,72.32081155048252,152,0.8273218953892321,False
rsi_change_10,median,-1.1518100514944294,0.06736043941147399,563,106,457,0.1882770870337478,"[0.14341739790842867, 0.22978788755349855]",0.16725352112676056,1.1256987940544079,1.3502657080337606,0.06736043941147399,1.1256987940544079,25.383438874997786,78.96933759122626,207,0.1977643058821904,False
rsi_change_10,top_30,3.6786331397620415,0.06808279382829506,340,46,294,0.13529411764705881,"[0.08283850020946795, 0.1959134040824131]",0.16725352112676056,0.8089164086687306,0.7084278155706727,0.06808279382829506,0.8089164086687306,18.826434377376444,85.07809734137557,145,0.1977643058821904,False
rsi_change_10,top_20,8.408556239096725,0.6195434460745002,226,35,191,0.15486725663716813,"[0.0872598588625986, 0.2283490021721423]",0.16725352112676056,0.9259431765253842,0.8925857118729944,0.6195434460745002,0.9259431765253842,19.646364833438625,76.18881080712148,106,0.7875270444077397,False
rsi_change_10,top_10,15.25712004799329,0.5951455645195523,113,21,92,0.18584070796460178,"[0.09088636363636364, 0.2869898159028594]",0.16725352112676056,1.1111318118304612,1.1534602521224595,0.5951455645195523,1.1111318118304612,21.788279838968805,83.18326840277449,55,0.7875270444077397,False
rsi_min_pre,bottom_10,18.74780052646325,1.0,114,19,95,0.16666666666666666,"[0.07525625565269822, 0.2596318493150685]",0.16725352112676056,0.9964912280701754,0.9953216374269006,1.0,0.9964912280701754,26.966618119662233,96.13072282653177,39,1.0,False
rsi_min_pre,bottom_20,21.798650063126207,0.2740227759991305,226,32,194,0.1415929203539823,"[0.07804710226001342, 0.2133347280334728]",0.16725352112676056,0.8465766185374942,0.7850711209708992,0.2740227759991305,0.8465766185374942,21.561334995113747,87.57917226382477,77,0.4845742413977361,False
rsi_min_pre,bottom_30,24.657460972914144,0.8620975431932689,339,58,281,0.1710914454277286,"[0.11278259003257902, 0.23397458217270195]",0.16725352112676056,1.0229467473994722,1.0398468672490024,0.8620975431932689,1.0229467473994722,21.561334995113747,92.20709822766847,107,0.9390705381212393,False
rsi_min_pre,median,29.20587198837299,0.5791275890382461,565,98,467,0.17345132743362832,"[0.13042863002461033, 0.21802131974906844]",0.16725352112676056,1.0370563577084304,1.0925891443999627,0.5791275890382461,1.0370563577084304,22.264146903266656,84.0032344432083,168,0.7875270444077397,False
rsi_min_pre,top_30,34.22338239244517,0.0009491394716141213,339,38,301,0.11209439528023599,"[0.06270111386138613, 0.16254084182202574]",0.16725352112676056,0.6702064896755162,0.5357142857142857,0.0009491394716141213,0.6702064896755162,17.056859403915993,80.85669064652403,119,0.007390214866433531,True
rsi_min_pre,top_20,37.09367350504012,0.03609296006817341,226,27,199,0.11946902654867257,"[0.05929638215398647, 0.17959233207846245]",0.16725352112676056,0.7142990218910108,0.6217899312513487,0.03609296006817341,0.7142990218910108,15.632526443377225,74.04562647193279,89,0.1295100331857987,False
rsi_min_pre,top_10,41.70949352057183,0.0830512236252885,113,12,101,0.10619469026548672,"[0.03125, 0.19009248327430145]",0.16725352112676056,0.6349324639031206,0.5640226944042719,0.0830512236252885,0.6349324639031206,12.084063968664704,81.00638436655143,57,0.23044747095479215,False
rsi_range_pre,bottom_10,3.157466572531604,1.0,114,19,95,0.16666666666666666,"[0.0592483660130719, 0.28976010008094777]",0.16725352112676056,0.9964912280701754,0.9953216374269006,1.0,0.9964912280701754,25.543261155281584,104.8957662669144,41,1.0,False
rsi_range_pre,bottom_20,6.451386827673275,0.6196934119929756,228,35,193,0.15350877192982457,"[0.08332509881422924, 0.22707919809448193]",0.16725352112676056,0.9178208679593721,0.8809961557746949,0.6196934119929756,0.9178208679593721,17.42161390450453,88.33804968949244,89,0.7875270444077397,False
rsi_range_pre,bottom_30,8.647692984442523,0.2596289124911778,339,50,289,0.14749262536873156,"[0.09428246753246754, 0.2047610449280785]",0.16725352112676056,0.8818506443098898,0.8119130004943154,0.2596289124911778,0.8818506443098898,19.604319492905976,79.26056708208925,129,0.4799201109685408,False
rsi_range_pre,median,13.240182909100646,0.47573656834684364,565,99,466,0.1752212389380531,"[0.13357384860385882, 0.21906035846072744]",0.16725352112676056,1.0476385654401492,1.1205961420553696,0.47573656834684364,1.0476385654401492,20.750541652250142,91.7333856788523,185,0.6828218980978226,False
rsi_range_pre,top_30,18.198751004697343,0.7949829347957584,339,55,284,0.16224188790560473,"[0.11336517165005537, 0.21284777424483306]",0.16725352112676056,0.9700357087408789,0.949660928534168,0.7949829347957584,0.9700357087408789,22.88889355129666,71.24143123541538,145,0.8933287191225704,False
rsi_range_pre,top_20,21.784165826722102,0.9208952698599708,227,37,190,0.16299559471365638,"[0.10547968021319121, 0.2264957264957265]",0.16725352112676056,0.9745420820774402,0.9622291021671827,0.9208952698599708,0.9745420820774402,24.675332717779884,75.6624303948937,106,0.9602497685719353,False
rsi_range_pre,top_10,30.195852818132497,0.14318832777241938,113,13,100,0.11504424778761062,"[0.049176309868209575, 0.1958762886597938]",0.16725352112676056,0.687843502561714,0.6213559322033898,0.14318832777241938,0.687843502561714,27.61505516496918,81.0132082552694,49,0.31761774524063935,False
volume_ratio_pre,bottom_10,0.10891089108910891,0.23180084499509213,113,14,99,0.12389380530973451,"[0.047600446428571426, 0.2037037037037037]",0.16725352112676056,0.7407545412203074,0.6805555555555556,0.23180084499509213,0.7407545412203074,16.666666666666675,107.42238787978211,54,0.44537018552096624,False
volume_ratio_pre,bottom_20,0.24208086531032708,0.6193196469809017,225,40,185,0.17777777777777778,"[0.1089138529768629, 0.25571603467672555]",0.16725352112676056,1.0629239766081873,1.0969369369369368,0.6193196469809017,1.0629239766081873,19.646364833438625,135.2527318607894,107,0.7875270444077397,False
volume_ratio_pre,bottom_30,0.4330732541148576,1.0,338,56,282,0.16568047337278108,"[0.11013696908771048, 0.2256234631488004]",0.16725352112676056,0.9905948302709437,0.9840160897639463,1.0,0.9905948302709437,20.643575312013482,119.8925074868902,150,1.0,False
volume_ratio_pre,median,0.901060070671378,0.9366740031964749,561,93,468,0.1657754010695187,"[0.1254543825350277, 0.21097848836294397]",0.16725352112676056,0.9911623979735434,0.979249273063706,0.9366740031964749,0.9911623979735434,21.561334995113747,90.89513939805471,215,0.9684256643217791,False
volume_ratio_pre,top_30,1.686141103387073,0.001671592441764916,337,75,262,0.22255192878338279,"[0.1661126752632468, 0.2818187977334319]",0.16725352112676056,1.330626268936436,1.7026219714570197,0.001671592441764916,1.330626268936436,31.759658101606835,85.77301616384399,153,0.011329682105295542,True
volume_ratio_pre,top_20,2.723136773135891,0.00096920850707325,226,55,171,0.24336283185840707,"[0.16939098756632612, 0.3228894925850808]",0.16725352112676056,1.4550535631113182,1.846437080355209,0.00096920850707325,1.4550535631113182,28.74815094245644,99.9775225421232,111,0.007390214866433531,True
volume_ratio_pre,top_10,6.848865888256847,0.0635391935974337,113,26,87,0.23008849557522124,"[0.12496778350515464, 0.35399101107936726]",0.16725352112676056,1.375687005123428,1.5653209980375666,0.0635391935974337,1.375687005123428,19.50000524520874,101.48261253101765,57,0.1977643058821904,False
volume_change_5,bottom_10,-1.5412100095073666,0.007459777676592545,113,9,104,0.07964601769911504,"[0.025840517241379313, 0.14518394345777455]",0.16725352112676056,0.4761993479273405,0.402571185720357,0.007459777676592545,0.4761993479273405,20.6265741855848,51.260134330423014,77,0.033707143575714464,True
volume_change_5,bottom_20,-0.4139836875774813,0.006848518926764937,225,24,201,0.10666666666666667,"[0.057262443001777574, 0.16055455439056357]",0.16725352112676056,0.6377543859649123,0.5358748426541989,0.006848518926764937,0.6377543859649123,20.270266787164704,42.24126559547084,133,0.03342077236261289,True
volume_change_5,bottom_30,-0.09880823457405163,0.002281408218887535,337,39,298,0.11572700296735905,"[0.07417294880785413, 0.16103776819829527]",0.16725352112676056,0.6919256598469468,0.5616249611093826,0.002281408218887535,0.6919256598469468,20.43910579954098,53.13858563681832,169,0.013916590135213963,True
volume_change_5,median,0.15002219531365774,0.005310498414077765,561,76,485,0.1354723707664884,"[0.0954861111111111, 0.1752935303051382]",0.16725352112676056,0.809982174688057,0.6336769759450172,0.005310498414077765,0.809982174688057,20.43910579954098,76.2568051637894,219,0.028168730718151624,True
volume_change_5,top_30,0.8600435092858554,0.001671592441764916,337,75,262,0.22255192878338279,"[0.16180648935612874, 0.2857380952380952]",0.16725352112676056,1.330626268936436,1.7026219714570197,0.001671592441764916,1.330626268936436,24.137936603117982,83.33365111934629,160,0.011329682105295542,True
volume_change_5,top_20,1.6329283728236872,0.0036524810962435287,225,53,172,0.23555555555555555,"[0.1594560856947764, 0.31897893117756476]",0.16725352112676056,1.4083742690058478,1.7408759124087592,0.0036524810962435287,1.4083742690058478,28.037377346737813,90.06399956968968,112,0.021219175892462406,True
volume_change_5,top_10,5.879412023210164,0.08597227937700526,115,26,89,0.22608695652173913,"[0.11763556985294117, 0.3458718912666281]",0.16725352112676056,1.351762013729977,1.5265826253768155,0.08597227937700526,1.351762013729977,20.711564652394188,98.42323365895885,59,0.23308040186654758,False
base_range_10,bottom_10,37.09708708841659,0.002180130478781961,114,8,106,0.07017543859649122,"[0.013937568455640748, 0.13978494623655913]",0.16725352112676056,0.41957525392428435,0.3483309143686502,0.002180130478781961,0.41957525392428435,16.791573946630443,68.88549732229629,64,0.013916590135213963,True
base_range_10,bottom_20,47.0640660431356,3.8093235760269963e-06,228,16,212,0.07017543859649122,"[0.02926829268292683, 0.11588980936221178]",0.16725352112676056,0.41957525392428435,0.3183691173281284,3.8093235760269963e-06,0.41957525392428435,17.161523659033218,52.586821645650474,110,9.294749525505871e-05,True
base_range_10,bottom_30,57.142859659590954,5.457530563182627e-08,341,27,314,0.07917888563049853,"[0.039996932515337424, 0.12305066409694632]",0.16725352112676056,0.4734063898749807,0.33339846039623305,5.457530563182627e-08,0.4734063898749807,17.328520663488778,51.953511306025185,146,3.3290936435414026e-06,True
base_range_10,median,87.68852270184526,2.0222604396692834e-10,568,55,513,0.09683098591549295,"[0.06281325529114178, 0.1314538094463763]",0.16725352112676056,0.5789473684210527,0.34387408851346474,2.0222604396692834e-10,0.5789473684210527,19.62463757100884,56.11525033992906,196,2.4671577363965258e-08,True
base_range_10,top_30,151.61289206156505,0.0002554675323235002,342,79,263,0.2309941520467836,"[0.16960977906024186, 0.2939810392300097]",0.16725352112676056,1.3811018775007693,1.8482855479053197,0.0002554675323235002,1.3811018775007693,25.876129657980982,117.8236023565922,129,0.0028333671766788207,True
base_range_10,top_20,237.5990517110202,0.0003270786716100993,228,57,171,0.25,"[0.1675348857587242, 0.33467868470778783]",0.16725352112676056,1.4947368421052631,1.9423558897243107,0.0003270786716100993,1.4947368421052631,29.55718483549341,116.78828307852514,91,0.00332529982803601,True
base_range_10,top_10,483.333327814385,0.06599052808342704,117,27,90,0.23076923076923078,"[0.12628289473684212, 0.3508943256578947]",0.16725352112676056,1.379757085020243,1.5754601226993865,0.06599052808342704,1.379757085020243,27.61505516496918,51.130267269375516,49,0.1977643058821904,False
drawdown_peak,bottom_10,-99.19847328244275,0.7935140559472513,115,20,95,0.17391304347826086,"[0.08886446886446887, 0.2674762440610152]",0.16725352112676056,1.039816933638444,1.0538699690402478,0.7935140559472513,1.039816933638444,27.590844700680073,89.30256324349462,29,0.8933287191225704,False
drawdown_peak,bottom_20,-96.99672136150423,0.37151943893874007,228,33,195,0.14473684210526316,"[0.08256769395207982, 0.20717495870177827]",0.16725352112676056,0.8653739612188366,0.8095051445369916,0.37151943893874007,0.8653739612188366,22.30216296253098,74.62437212331953,52,0.6043382873403504,False
drawdown_peak,bottom_30,-92.16825314166229,0.7293400984286869,341,59,282,0.17302052785923755,"[0.12068043518347779, 0.23128679211961853]",0.16725352112676056,1.0344806297268099,1.0604731741649072,0.7293400984286869,1.0344806297268099,22.255193634096383,81.80785500538974,86,0.8807567074291738,False
drawdown_peak,median,-82.56439395023115,0.5779510428179504,568,99,469,0.1742957746478873,"[0.1273646040416128, 0.22369766991127574]",0.16725352112676056,1.0421052631578946,1.1064692237400127,0.5779510428179504,1.0421052631578946,22.283154932898817,83.90821605896,139,0.7875270444077397,False
drawdown_peak,top_30,-62.74691627658249,0.08311220263943322,343,47,296,0.13702623906705538,"[0.08494987882793567, 0.18912721655456505]",0.16725352112676056,0.8192726714746048,0.7217444717444718,0.08311220263943322,0.8192726714746048,19.646364833438625,87.63701606226321,102,0.23044747095479215,False
drawdown_peak,top_20,-43.60730447788579,0.007433001677317013,229,25,204,0.1091703056768559,"[0.0569070188518479, 0.16309703395232225]",0.16725352112676056,0.6527235118363595,0.5510992275698158,0.007433001677317013,0.6527235118363595,16.268659456983524,81.67480413242231,71,0.033707143575714464,True
drawdown_peak,top_10,-17.20275088047317,0.0337979477167715,114,11,103,0.09649122807017543,"[0.030513566623837956, 0.16814597388942434]",0.16725352112676056,0.576915974145891,0.502956012366437,0.0337979477167715,0.576915974145891,13.669592336530867,69.94156291722824,43,0.1249499885286704,False
distance_recent_low,bottom_10,19.122985467892974,0.3538386716702255,114,15,99,0.13157894736842105,"[0.06665289256198347, 0.19658119658119658]",0.16725352112676056,0.7867036011080332,0.7333333333333333,0.3538386716702255,0.7867036011080332,25.13186538359107,65.2736312336964,107,0.58335564788875,False
distance_recent_low,bottom_20,24.666666666666657,0.165830692866482,228,31,197,0.13596491228070176,"[0.08180264180264181, 0.2016815739171205]",0.16725352112676056,0.812927054478301,0.7412763783801041,0.165830692866482,0.812927054478301,20.643575312013482,82.36815203010853,149,0.3549358689422948,False
distance_recent_low,bottom_30,29.1900773648458,0.1195638309291758,341,48,293,0.14076246334310852,"[0.09603604310525214, 0.19480612510698472]",0.16725352112676056,0.8416113597777436,0.7533528817958948,0.1195638309291758,0.8416113597777436,20.757182562151932,78.04054169311222,180,0.280515141795374,False
distance_recent_low,median,41.094107645610755,0.02096748136014315,568,80,488,0.14084507042253522,"[0.1034393885531461, 0.1796917974816173]",0.16725352112676056,0.8421052631578948,0.6825633383010432,0.02096748136014315,0.8421052631578948,21.874866226684766,71.35175117391672,220,0.08526775753124881,False
distance_recent_low,top_30,61.62790262486375,0.000510149803595583,343,78,265,0.22740524781341107,"[0.16666666666666666, 0.29061624649859946]",0.16725352112676056,1.3596440079791314,1.789690026954178,0.000510149803595583,1.3596440079791314,23.348016556962612,99.87761306813833,135,0.004787559695281625,True
distance_recent_low,top_20,84.64673785404753,9.430856967465354e-05,228,59,169,0.25877192982456143,"[0.17796406453715777, 0.3467760098808486]",0.16725352112676056,1.547183748845799,2.070689733050273,9.430856967465354e-05,1.547183748845799,29.95330961187954,124.5309148332098,90,0.001150564550030773,True
distance_recent_low,top_10,155.27144318943755,0.04622585414935121,114,27,87,0.23684210526315788,"[0.13175940013040643, 0.35794736842105257]",0.16725352112676056,1.4160664819944597,1.6354982018193358,0.04622585414935121,1.4160664819944597,28.33957261433332,153.51259641144637,47,0.1575963620864514,False
support_tests_20,bottom_10,1.0,0.2830888578488808,145,29,116,0.2,"[0.12686304393525333, 0.28032024793388427]",0.16725352112676056,1.1957894736842105,1.2888198757763976,0.2830888578488808,1.1957894736842105,27.590844700680073,102.54257375770095,89,0.4933834379651923,False
support_tests_20,bottom_20,2.0,0.19902531929608452,285,55,230,0.19298245614035087,"[0.13725313229985137, 0.25564346913796115]",0.16725352112676056,1.153831948291782,1.2682769726247987,0.19902531929608452,1.153831948291782,27.076926598182084,95.15987692898344,136,0.40468481590203853,False
support_tests_20,bottom_30,3.0,0.45748131352277915,414,74,340,0.178743961352657,"[0.13020424607623318, 0.23078271028037384]",0.16725352112676056,1.0687007373506228,1.1370182555780932,0.45748131352277915,1.0687007373506228,27.33388564943108,82.69607352475201,177,0.6806429298753544,False
support_tests_20,median,5.0,8.661486070660662e-05,625,129,496,0.2064,"[0.16441653630721098, 0.252973078595387]",0.16725352112676056,1.2340547368421053,1.9186277102062401,8.661486070660662e-05,1.2340547368421053,28.205139436525293,91.82525582896847,217,0.001150564550030773,True
support_tests_20,top_30,7.0,0.004515783276096517,394,49,345,0.12436548223350254,"[0.07590396937618629, 0.17166544400195627]",0.16725352112676056,0.7435746727224152,0.6053859595025183,0.004515783276096517,0.7435746727224152,17.832872951730813,83.67339475446998,167,0.02504207089471705,True
support_tests_20,top_20,9.0,0.005700689175002163,232,25,207,0.10775862068965517,"[0.052236153356440544, 0.16450483672705896]",0.16725352112676056,0.6442831215970961,0.5409164104816279,0.005700689175002163,0.6442831215970961,15.484516927676173,109.63812592737494,113,0.028978503306260995,True
support_tests_20,top_10,11.0,8.37853250932542e-05,128,7,121,0.0546875,"[0.008547008547008548, 0.11113505747126434]",0.16725352112676056,0.3269736842105263,0.2608047690014903,8.37853250932542e-05,0.3269736842105263,16.071432117296737,102.07224780413492,68,0.001150564550030773,True
macd_hist_change_pre,bottom_10,-0.43532978548080786,0.23180084499509213,113,14,99,0.12389380530973451,"[0.045441777323799795, 0.20792277227722772]",0.16725352112676056,0.7407545412203074,0.6805555555555556,0.23180084499509213,0.7407545412203074,26.430612215331493,53.78976132754247,47,0.44537018552096624,False
macd_hist_change_pre,bottom_20,-0.10591335556041191,0.842169403272165,226,39,187,0.17256637168141592,"[0.10344471359361641, 0.2400381355932203]",0.16725352112676056,1.031765253842571,1.0483054148811843,0.842169403272165,1.031765253842571,27.142857264499277,68.44372392980748,103,0.934042429083674,False
macd_hist_change_pre,bottom_30,-0.011579267772219235,0.7282765970419793,339,59,280,0.17404129793510326,"[0.1192032219892462, 0.22977704865126536]",0.16725352112676056,1.04058376028567,1.0712649945474373,0.7282765970419793,1.04058376028567,25.901638498488232,70.84792122848575,155,0.8807567074291738,False
macd_hist_change_pre,median,0.05669523621214423,0.8737050523725697,565,93,472,0.16460176991150444,"[0.12497685185185185, 0.20748397638292496]",0.16725352112676056,0.984145319049837,0.9628254412021667,0.8737050523725697,0.984145319049837,22.264146903266656,77.3514786053262,207,0.9410316258086775,False
macd_hist_change_pre,top_30,0.15072961061487306,0.8620975431932689,339,58,281,0.1710914454277286,"[0.11782971150243537, 0.2241482552137105]",0.16725352112676056,1.0229467473994722,1.0398468672490024,0.8620975431932689,1.0229467473994722,21.788279838968805,113.4014799127157,138,0.9390705381212393,False
macd_hist_change_pre,top_20,0.27644806455915794,0.4271417439034265,227,42,185,0.18502202643171806,"[0.11627906976744186, 0.253168776371308]",0.16725352112676056,1.1062369580338511,1.1673484295105916,0.4271417439034265,1.1062369580338511,21.788279838968805,120.51992269558369,93,0.6503083882622495,False
macd_hist_change_pre,top_10,0.7484220290449989,1.0,113,19,94,0.168141592920354,"[0.07688172043010753, 0.2741971167570654]",0.16725352112676056,1.0053097345132744,1.0070921985815602,1.0,1.0053097345132744,22.87581897952171,117.04273909376971,47,1.0,False
atr_percent,bottom_10,8.122772983490034,0.0337979477167715,114,11,103,0.09649122807017543,"[0.01910676372459812, 0.19050151975683888]",0.16725352112676056,0.576915974145891,0.502956012366437,0.0337979477167715,0.576915974145891,15.193659079920753,34.45565980940043,52,0.1249499885286704,False
atr_percent,bottom_20,9.720194106201971,4.3532496431848906e-07,226,14,212,0.061946902654867256,"[0.017857142857142856, 0.11594347826086956]",0.16725352112676056,0.3703772706101537,0.2754073756432247,4.3532496431848906e-07,0.3703772706101537,13.176285325961823,32.10555036798735,98,1.7703215215618553e-05,True
atr_percent,bottom_30,10.852187102354362,1.4966903445049355e-06,339,30,309,0.08849557522123894,"[0.042806949053289085, 0.1396792819185175]",0.16725352112676056,0.5291103865859339,0.38652912621359226,1.4966903445049355e-06,0.5291103865859339,15.584416589722494,35.643819217103534,137,4.564905550740053e-05,True
atr_percent,median,14.084206220926712,2.414163794494944e-05,565,68,497,0.12035398230088495,"[0.0795201689671585, 0.1612919290579617]",0.16725352112676056,0.7195901257568701,0.5035458653560708,2.414163794494944e-05,0.7195901257568701,17.667049072430217,58.96260973096949,190,0.0004207542613262617,True
atr_percent,top_30,19.978907328693804,0.0006670809215837117,339,77,262,0.22713864306784662,"[0.17001307066030458, 0.2907057743538052]",0.16725352112676056,1.3580499922372302,1.7789637235695468,0.0006670809215837117,1.3580499922372302,30.183724559507596,107.6107871015427,133,0.005813133745229487,True
atr_percent,top_20,25.258943569677395,1.0103729798300393e-05,226,61,165,0.26991150442477874,"[0.18927994311938465, 0.3513599404489235]",0.16725352112676056,1.613786679087098,2.2382428940568477,1.0103729798300393e-05,1.613786679087098,33.52758396517416,101.79034004595192,94,0.00020544250589877463,True
atr_percent,top_10,43.99268467554789,0.0635391935974337,113,26,87,0.23008849557522124,"[0.1346153846153846, 0.3309952038369304]",0.16725352112676056,1.375687005123428,1.5653209980375666,0.0635391935974337,1.375687005123428,27.61505516496918,93.94683958701027,50,0.1977643058821904,False
RSI pre,-inf-20,,0.7712353329519079,91,16,75,0.17582417582417584,"[0.07791847041847041, 0.27474489795918366]",0.16725352112676056,1.0512434933487567,1.0678927203065134,0.7712353329519079,1.0512434933487567,35.58823541786431,127.96021453412034,34,0.8876482133974789,False
RSI pre,20-22,,0.3802397946873185,38,4,34,0.10526315789473684,"[0.0, 0.2553464266230223]",0.16725352112676056,0.6293628808864266,0.5768500948766604,0.3802397946873185,0.6293628808864266,17.243357772110315,40.709875603084086,22,0.6103849335770113,False
RSI pre,22-25,,0.7658934084415889,88,13,75,0.14772727272727273,"[0.04878048780487805, 0.2500606796116504]",0.16725352112676056,0.8832535885167465,0.8529566854990583,0.7658934084415889,0.8832535885167465,19.682400806202182,98.24655986620478,47,0.8876482133974789,False
RSI pre,25-27,,0.109484836016251,47,12,35,0.2553191489361702,"[0.0975609756097561, 0.4127070393374741]",0.16725352112676056,1.5265397536394176,1.7547351524879615,0.109484836016251,1.5265397536394176,33.03030892691212,87.6930926624837,33,0.27661875400737573,False
RSI pre,27-30,,0.051183185449423116,101,24,77,0.2376237623762376,"[0.12497234513274337, 0.3619692923898531]",0.16725352112676056,1.4207399687337154,1.6316695352839932,0.051183185449423116,1.4207399687337154,27.09498010336977,99.91710365193316,56,0.1687661790494492,False
RSI pre,30-35,,0.7444908947078992,181,32,149,0.17679558011049723,"[0.10100677830940989, 0.2515549225825299]",0.16725352112676056,1.0570514684501309,1.0833404128791098,0.7444908947078992,1.0570514684501309,25.307117678836487,67.88801800395822,91,0.8818241665472204,False
RSI pre,35-40,,0.5860709483892192,178,27,151,0.15168539325842698,"[0.08211648892534865, 0.22425133689839571]",0.16725352112676056,0.9069189828503844,0.872100109698127,0.5860709483892192,0.9069189828503844,20.63894832555312,43.671402344144184,98,0.7875270444077397,False
RSI pre,40-50,,0.769131663685377,236,41,195,0.17372881355932204,"[0.11212357217030114, 0.2410003650967506]",0.16725352112676056,1.0387154326494201,1.0597487523662021,0.769131663685377,1.0387154326494201,24.196428060531616,109.73297491258855,118,0.8876482133974789,False
RSI pre,50-inf,,0.11778372171905577,169,21,148,0.1242603550295858,"[0.0628190445026178, 0.19883040935672514]",0.16725352112676056,0.7429461227032077,0.6699984007676315,0.11778372171905577,0.7429461227032077,19.50000524520874,71.51932637597821,77,0.280515141795374,False
Volume ratio pre,-inf-0.5,,0.7363703619489813,378,61,317,0.16137566137566137,"[0.10982156656672128, 0.21762575708376275]",0.16725352112676056,0.9648565859092174,0.938277944880542,0.7363703619489813,0.9648565859092174,20.643575312013482,111.90502314476649,160,0.8807567074291738,False
Volume ratio pre,0.5-0.75,,0.7981379539701653,123,19,104,0.15447154471544716,"[0.060599529780564265, 0.2500525210084033]",0.16725352112676056,0.9235772357723577,0.8995726495726496,0.7981379539701653,0.9235772357723577,21.654497264567453,44.51771233413676,76,0.8933287191225704,False
Volume ratio pre,0.75-1,,0.1624923804219169,101,22,79,0.21782178217821782,"[0.1176338102808691, 0.3229898174157303]",0.16725352112676056,1.3023449713392392,1.4371609403254972,0.1624923804219169,1.3023449713392392,27.717395200996787,88.97754123133463,61,0.3540012573477475,False
Volume ratio pre,1-1.25,,0.014131016659512712,84,6,78,0.07142857142857142,"[0.022222222222222223, 0.13044772256728776]",0.16725352112676056,0.4270676691729323,0.362876254180602,0.014131016659512712,0.4270676691729323,11.638285356860756,32.824252039546266,51,0.05944772525726037,False
Volume ratio pre,1.25-1.5,,0.02325844904961761,64,4,60,0.0625,"[0.0, 0.14549465240641707]",0.16725352112676056,0.3736842105263158,0.31756272401433694,0.02325844904961761,0.3736842105263158,21.33430981598571,68.43750435747728,42,0.0915332510984951,False
Volume ratio pre,1.5-2,,0.31692720582502487,69,8,61,0.11594202898550725,"[0.028985507246376812, 0.21057565789473678]",0.16725352112676056,0.693211289092296,0.6377229328049,0.31692720582502487,0.693211289092296,16.80671587038205,37.13275798306462,48,0.5296591658993567,False
Volume ratio pre,2-3,,0.10372726284580132,90,21,69,0.23333333333333334,"[0.11593821510297483, 0.36470985691573926]",0.16725352112676056,1.3950877192982456,1.5793671211731413,0.10372726284580132,1.3950877192982456,37.93508360855746,74.68543316246313,57,0.2751027405910383,False
Volume ratio pre,3-inf,,0.007789251460283095,212,49,163,0.23113207547169812,"[0.1581269332111353, 0.3106474600427568]",0.16725352112676056,1.3819265143992057,1.6693643127529043,0.007789251460283095,1.3819265143992057,26.611839766876145,99.07483885667565,106,0.03393888136266206,True
