ticker,definition,signal_date,paper_signal,target,features_pre_signal_only,status
KXIN,D_rapid_expansion,2026-05-13,True,+70%,True,PAPER_SIGNAL_RESEARCH
PED,A_10_from_low,2026-03-13,True,+70%,True,PAPER_SIGNAL_RESEARCH
PED,B_20_from_low,2026-03-13,True,+70%,True,PAPER_SIGNAL_RESEARCH
CLIR,B_20_from_low,2026-03-31,True,+70%,True,PAPER_SIGNAL_RESEARCH
MASK,A_10_from_low,2026-03-16,True,+70%,True,PAPER_SIGNAL_RESEARCH
MASK,E_base_breakout,2026-05-05,True,+70%,True,PAPER_SIGNAL_RESEARCH
ZJYL,C_20_in_1_3,2026-06-02,True,+70%,True,PAPER_SIGNAL_RESEARCH
ZJYL,D_rapid_expansion,2026-06-02,True,+70%,True,PAPER_SIGNAL_RESEARCH
COOK,D_rapid_expansion,2026-05-19,True,+70%,True,PAPER_SIGNAL_RESEARCH
CIIT,D_rapid_expansion,2026-06-10,True,+70%,True,PAPER_SIGNAL_RESEARCH
CIIT,E_base_breakout,2026-06-10,True,+70%,True,PAPER_SIGNAL_RESEARCH
AZI,B_20_from_low,2026-06-09,True,+70%,True,PAPER_SIGNAL_RESEARCH
AZI,C_20_in_1_3,2026-06-09,True,+70%,True,PAPER_SIGNAL_RESEARCH
AZI,D_rapid_expansion,2026-06-09,True,+70%,True,PAPER_SIGNAL_RESEARCH
ONCO,B_20_from_low,2026-03-26,True,+70%,True,PAPER_SIGNAL_RESEARCH
RENX,E_base_breakout,2026-06-11,True,+70%,True,PAPER_SIGNAL_RESEARCH
ADV,A_10_from_low,2026-03-27,True,+70%,True,PAPER_SIGNAL_RESEARCH
ADV,B_20_from_low,2026-03-27,True,+70%,True,PAPER_SIGNAL_RESEARCH
ADV,D_rapid_expansion,2026-05-22,True,+70%,True,PAPER_SIGNAL_RESEARCH
TRUG,E_base_breakout,2026-07-06,True,+70%,True,PAPER_SIGNAL_RESEARCH
TRUG,D_rapid_expansion,2026-08-17,True,+70%,True,PAPER_SIGNAL_RESEARCH
EJH,C_20_in_1_3,2026-06-09,True,+70%,True,PAPER_SIGNAL_RESEARCH
EJH,D_rapid_expansion,2026-06-09,True,+70%,True,PAPER_SIGNAL_RESEARCH
FBLG,E_base_breakout,2026-08-05,True,+70%,True,PAPER_SIGNAL_RESEARCH
AGL,C_20_in_1_3,2026-04-06,True,+70%,True,PAPER_SIGNAL_RESEARCH
AGL,D_rapid_expansion,2026-04-06,True,+70%,True,PAPER_SIGNAL_RESEARCH
AKTX,E_base_breakout,2026-07-07,True,+70%,True,PAPER_SIGNAL_RESEARCH
AUUD,C_20_in_1_3,2026-04-15,True,+70%,True,PAPER_SIGNAL_RESEARCH
UCAR,C_20_in_1_3,2026-04-08,True,+70%,True,PAPER_SIGNAL_RESEARCH
UCAR,D_rapid_expansion,2026-04-08,True,+70%,True,PAPER_SIGNAL_RESEARCH
NCT,A_10_from_low,2026-04-02,True,+70%,True,PAPER_SIGNAL_RESEARCH
AIIO,C_20_in_1_3,2026-05-08,True,+70%,True,PAPER_SIGNAL_RESEARCH
AIIO,D_rapid_expansion,2026-05-08,True,+70%,True,PAPER_SIGNAL_RESEARCH
AIIO,E_base_breakout,2026-05-08,True,+70%,True,PAPER_SIGNAL_RESEARCH
BDRX,A_10_from_low,2026-04-06,True,+70%,True,PAPER_SIGNAL_RESEARCH
BDRX,B_20_from_low,2026-04-06,True,+70%,True,PAPER_SIGNAL_RESEARCH
GNLN,A_10_from_low,2026-04-06,True,+70%,True,PAPER_SIGNAL_RESEARCH
HKIT,C_20_in_1_3,2026-05-14,True,+70%,True,PAPER_SIGNAL_RESEARCH
HKIT,D_rapid_expansion,2026-05-14,True,+70%,True,PAPER_SIGNAL_RESEARCH
HKIT,E_base_breakout,2026-05-14,True,+70%,True,PAPER_SIGNAL_RESEARCH
XRTX,A_10_from_low,2026-04-06,True,+70%,True,PAPER_SIGNAL_RESEARCH
CHR,C_20_in_1_3,2026-05-18,True,+70%,True,PAPER_SIGNAL_RESEARCH
CHR,D_rapid_expansion,2026-05-18,True,+70%,True,PAPER_SIGNAL_RESEARCH
CHR,E_base_breakout,2026-05-27,True,+70%,True,PAPER_SIGNAL_RESEARCH
JTAI,D_rapid_expansion,2026-05-27,True,+70%,True,PAPER_SIGNAL_RESEARCH
RDGT,C_20_in_1_3,2026-05-20,True,+70%,True,PAPER_SIGNAL_RESEARCH
AKAN,E_base_breakout,2026-08-14,True,+70%,True,PAPER_SIGNAL_RESEARCH
PN,C_20_in_1_3,2026-05-04,True,+70%,True,PAPER_SIGNAL_RESEARCH
PN,D_rapid_expansion,2026-05-04,True,+70%,True,PAPER_SIGNAL_RESEARCH
PN,E_base_breakout,2026-05-04,True,+70%,True,PAPER_SIGNAL_RESEARCH
BRNX,B_20_from_low,2026-04-16,True,+70%,True,PAPER_SIGNAL_RESEARCH
NMTC,C_20_in_1_3,2026-08-14,True,+70%,True,PAPER_SIGNAL_RESEARCH
EHGO,C_20_in_1_3,2026-05-22,True,+70%,True,PAPER_SIGNAL_RESEARCH
EHGO,D_rapid_expansion,2026-05-22,True,+70%,True,PAPER_SIGNAL_RESEARCH
EHGO,E_base_breakout,2026-05-22,True,+70%,True,PAPER_SIGNAL_RESEARCH
HUBC,A_10_from_low,2026-04-22,True,+70%,True,PAPER_SIGNAL_RESEARCH
ZSPC,E_base_breakout,2026-08-12,True,+70%,True,PAPER_SIGNAL_RESEARCH
KUST,A_10_from_low,2026-04-23,True,+70%,True,PAPER_SIGNAL_RESEARCH
IPST,D_rapid_expansion,2026-05-14,True,+70%,True,PAPER_SIGNAL_RESEARCH
IPST,E_base_breakout,2026-05-14,True,+70%,True,PAPER_SIGNAL_RESEARCH
MSS,C_20_in_1_3,2026-05-05,True,+70%,True,PAPER_SIGNAL_RESEARCH
MSS,D_rapid_expansion,2026-05-05,True,+70%,True,PAPER_SIGNAL_RESEARCH
SOWG,D_rapid_expansion,2026-06-10,True,+70%,True,PAPER_SIGNAL_RESEARCH
TDTH,C_20_in_1_3,2026-05-26,True,+70%,True,PAPER_SIGNAL_RESEARCH
TDTH,E_base_breakout,2026-05-26,True,+70%,True,PAPER_SIGNAL_RESEARCH
DGNX,C_20_in_1_3,2026-05-28,True,+70%,True,PAPER_SIGNAL_RESEARCH
DGNX,D_rapid_expansion,2026-05-28,True,+70%,True,PAPER_SIGNAL_RESEARCH
UK,B_20_from_low,2026-05-01,True,+70%,True,PAPER_SIGNAL_RESEARCH
ERNA,C_20_in_1_3,2026-05-07,True,+70%,True,PAPER_SIGNAL_RESEARCH
ERNA,D_rapid_expansion,2026-05-07,True,+70%,True,PAPER_SIGNAL_RESEARCH
FCHL,C_20_in_1_3,2026-05-14,True,+70%,True,PAPER_SIGNAL_RESEARCH
CHSN,C_20_in_1_3,2026-06-10,True,+70%,True,PAPER_SIGNAL_RESEARCH
CHSN,D_rapid_expansion,2026-06-10,True,+70%,True,PAPER_SIGNAL_RESEARCH
OLOX,D_rapid_expansion,2026-05-29,True,+70%,True,PAPER_SIGNAL_RESEARCH
OLOX,E_base_breakout,2026-05-29,True,+70%,True,PAPER_SIGNAL_RESEARCH
PARA,A_10_from_low,2026-05-08,True,+70%,True,PAPER_SIGNAL_RESEARCH
PARA,B_20_from_low,2026-05-11,True,+70%,True,PAPER_SIGNAL_RESEARCH
PARA,C_20_in_1_3,2026-05-15,True,+70%,True,PAPER_SIGNAL_RESEARCH
SLMT,C_20_in_1_3,2026-05-22,True,+70%,True,PAPER_SIGNAL_RESEARCH
SLMT,D_rapid_expansion,2026-07-13,True,+70%,True,PAPER_SIGNAL_RESEARCH
SLMT,E_base_breakout,2026-07-13,True,+70%,True,PAPER_SIGNAL_RESEARCH
ADTX,C_20_in_1_3,2026-06-22,True,+70%,True,PAPER_SIGNAL_RESEARCH
ADTX,D_rapid_expansion,2026-06-22,True,+70%,True,PAPER_SIGNAL_RESEARCH
FRGT,B_20_from_low,2026-05-19,True,+70%,True,PAPER_SIGNAL_RESEARCH
FRGT,C_20_in_1_3,2026-05-21,True,+70%,True,PAPER_SIGNAL_RESEARCH
MI,A_10_from_low,2026-05-18,True,+70%,True,PAPER_SIGNAL_RESEARCH
MI,B_20_from_low,2026-05-18,True,+70%,True,PAPER_SIGNAL_RESEARCH
RETO,C_20_in_1_3,2026-06-10,True,+70%,True,PAPER_SIGNAL_RESEARCH
RETO,D_rapid_expansion,2026-06-10,True,+70%,True,PAPER_SIGNAL_RESEARCH
RETO,E_base_breakout,2026-06-10,True,+70%,True,PAPER_SIGNAL_RESEARCH
IPW,B_20_from_low,2026-06-09,True,+70%,True,PAPER_SIGNAL_RESEARCH
LNAI,D_rapid_expansion,2026-06-17,True,+70%,True,PAPER_SIGNAL_RESEARCH
LNAI,E_base_breakout,2026-06-17,True,+70%,True,PAPER_SIGNAL_RESEARCH
LZMH,C_20_in_1_3,2026-06-09,True,+70%,True,PAPER_SIGNAL_RESEARCH
LZMH,D_rapid_expansion,2026-06-09,True,+70%,True,PAPER_SIGNAL_RESEARCH
LZMH,E_base_breakout,2026-07-22,True,+70%,True,PAPER_SIGNAL_RESEARCH
PRTS,C_20_in_1_3,2026-08-07,True,+70%,True,PAPER_SIGNAL_RESEARCH
PRTS,D_rapid_expansion,2026-08-07,True,+70%,True,PAPER_SIGNAL_RESEARCH
PRTS,E_base_breakout,2026-08-07,True,+70%,True,PAPER_SIGNAL_RESEARCH
VSA,C_20_in_1_3,2026-06-02,True,+70%,True,PAPER_SIGNAL_RESEARCH
VSA,D_rapid_expansion,2026-06-02,True,+70%,True,PAPER_SIGNAL_RESEARCH
HKIT,C_20_in_1_3,2026-06-10,True,+70%,True,PAPER_SIGNAL_RESEARCH
HKIT,D_rapid_expansion,2026-06-10,True,+70%,True,PAPER_SIGNAL_RESEARCH
CDTG,C_20_in_1_3,2026-08-05,True,+70%,True,PAPER_SIGNAL_RESEARCH
CDTG,D_rapid_expansion,2026-08-05,True,+70%,True,PAPER_SIGNAL_RESEARCH
SCYX,B_20_from_low,2026-07-02,True,+70%,True,PAPER_SIGNAL_RESEARCH
ZOOZ,C_20_in_1_3,2026-09-04,True,+70%,True,PAPER_SIGNAL_RESEARCH
ZOOZ,D_rapid_expansion,2026-09-04,True,+70%,True,PAPER_SIGNAL_RESEARCH
PRHI,A_10_from_low,2026-06-02,True,+70%,True,PAPER_SIGNAL_RESEARCH
PRHI,B_20_from_low,2026-06-02,True,+70%,True,PAPER_SIGNAL_RESEARCH
WYHG,C_20_in_1_3,2026-06-18,True,+70%,True,PAPER_SIGNAL_RESEARCH
WYHG,D_rapid_expansion,2026-06-18,True,+70%,True,PAPER_SIGNAL_RESEARCH
PW,A_10_from_low,2026-06-04,True,+70%,True,PAPER_SIGNAL_RESEARCH
PW,B_20_from_low,2026-06-08,True,+70%,True,PAPER_SIGNAL_RESEARCH
PW,C_20_in_1_3,2026-06-10,True,+70%,True,PAPER_SIGNAL_RESEARCH
ZCMD,C_20_in_1_3,2026-07-06,True,+70%,True,PAPER_SIGNAL_RESEARCH
ZCMD,D_rapid_expansion,2026-07-06,True,+70%,True,PAPER_SIGNAL_RESEARCH
GMM,C_20_in_1_3,2026-06-16,True,+70%,True,PAPER_SIGNAL_RESEARCH
SHPH,C_20_in_1_3,2026-07-14,True,+70%,True,PAPER_SIGNAL_RESEARCH
SHPH,D_rapid_expansion,2026-07-14,True,+70%,True,PAPER_SIGNAL_RESEARCH
SHPH,E_base_breakout,2026-07-14,True,+70%,True,PAPER_SIGNAL_RESEARCH
AIFA,E_base_breakout,2026-08-10,True,+70%,True,PAPER_SIGNAL_RESEARCH
AVX,B_20_from_low,2026-06-16,True,+70%,True,PAPER_SIGNAL_RESEARCH
AVX,C_20_in_1_3,2026-08-24,True,+70%,True,PAPER_SIGNAL_RESEARCH
AVX,D_rapid_expansion,2026-08-24,True,+70%,True,PAPER_SIGNAL_RESEARCH
AVX,E_base_breakout,2026-08-24,True,+70%,True,PAPER_SIGNAL_RESEARCH
AIFU,B_20_from_low,2026-08-04,True,+70%,True,PAPER_SIGNAL_RESEARCH
UPLD,E_base_breakout,2026-08-07,True,+70%,True,PAPER_SIGNAL_RESEARCH
BOXL,C_20_in_1_3,2026-06-25,True,+70%,True,PAPER_SIGNAL_RESEARCH
BOXL,D_rapid_expansion,2026-08-12,True,+70%,True,PAPER_SIGNAL_RESEARCH
BOXL,E_base_breakout,2026-08-12,True,+70%,True,PAPER_SIGNAL_RESEARCH
LABT,A_10_from_low,2026-06-23,True,+70%,True,PAPER_SIGNAL_RESEARCH
LABT,E_base_breakout,2026-09-01,True,+70%,True,PAPER_SIGNAL_RESEARCH
LHSW,D_rapid_expansion,2026-07-06,True,+70%,True,PAPER_SIGNAL_RESEARCH
POM,C_20_in_1_3,2026-08-04,True,+70%,True,PAPER_SIGNAL_RESEARCH
ILLR,C_20_in_1_3,2026-06-26,True,+70%,True,PAPER_SIGNAL_RESEARCH
ILLR,D_rapid_expansion,2026-06-26,True,+70%,True,PAPER_SIGNAL_RESEARCH
DD,A_10_from_low,2026-08-05,True,+70%,True,PAPER_SIGNAL_RESEARCH
NAMI,B_20_from_low,2026-07-10,True,+70%,True,PAPER_SIGNAL_RESEARCH
NAMI,C_20_in_1_3,2026-08-07,True,+70%,True,PAPER_SIGNAL_RESEARCH
NAMI,D_rapid_expansion,2026-08-07,True,+70%,True,PAPER_SIGNAL_RESEARCH
ZCMD,C_20_in_1_3,2026-07-06,True,+70%,True,PAPER_SIGNAL_RESEARCH
ZCMD,D_rapid_expansion,2026-07-06,True,+70%,True,PAPER_SIGNAL_RESEARCH
HCWB,C_20_in_1_3,2026-07-31,True,+70%,True,PAPER_SIGNAL_RESEARCH
QNCX,A_10_from_low,2026-07-01,True,+70%,True,PAPER_SIGNAL_RESEARCH
NVVE,C_20_in_1_3,2026-07-09,True,+70%,True,PAPER_SIGNAL_RESEARCH
SNAL,B_20_from_low,2026-07-07,True,+70%,True,PAPER_SIGNAL_RESEARCH
SNAL,C_20_in_1_3,2026-07-09,True,+70%,True,PAPER_SIGNAL_RESEARCH
SNAL,D_rapid_expansion,2026-07-09,True,+70%,True,PAPER_SIGNAL_RESEARCH
CGTL,C_20_in_1_3,2026-08-17,True,+70%,True,PAPER_SIGNAL_RESEARCH
PFSA,C_20_in_1_3,2026-08-18,True,+70%,True,PAPER_SIGNAL_RESEARCH
PFSA,D_rapid_expansion,2026-08-18,True,+70%,True,PAPER_SIGNAL_RESEARCH
PSQH,B_20_from_low,2026-07-28,True,+70%,True,PAPER_SIGNAL_RESEARCH
YHC,C_20_in_1_3,2026-07-31,True,+70%,True,PAPER_SIGNAL_RESEARCH
DFNS,C_20_in_1_3,2026-07-27,True,+70%,True,PAPER_SIGNAL_RESEARCH
DFNS,D_rapid_expansion,2026-07-27,True,+70%,True,PAPER_SIGNAL_RESEARCH
XPON,C_20_in_1_3,2026-08-17,True,+70%,True,PAPER_SIGNAL_RESEARCH
XPON,D_rapid_expansion,2026-08-17,True,+70%,True,PAPER_SIGNAL_RESEARCH
XPON,E_base_breakout,2026-08-17,True,+70%,True,PAPER_SIGNAL_RESEARCH
MSS,C_20_in_1_3,2026-08-19,True,+70%,True,PAPER_SIGNAL_RESEARCH
MSS,D_rapid_expansion,2026-08-19,True,+70%,True,PAPER_SIGNAL_RESEARCH
DBGI,C_20_in_1_3,2026-08-03,True,+70%,True,PAPER_SIGNAL_RESEARCH
DBGI,D_rapid_expansion,2026-08-03,True,+70%,True,PAPER_SIGNAL_RESEARCH
TRIB,C_20_in_1_3,2026-07-29,True,+70%,True,PAPER_SIGNAL_RESEARCH
TRIB,D_rapid_expansion,2026-07-29,True,+70%,True,PAPER_SIGNAL_RESEARCH
STKH,C_20_in_1_3,2026-07-30,True,+70%,True,PAPER_SIGNAL_RESEARCH
STKH,D_rapid_expansion,2026-07-30,True,+70%,True,PAPER_SIGNAL_RESEARCH
NEXR,A_10_from_low,2026-07-31,True,+70%,True,PAPER_SIGNAL_RESEARCH
KWM,A_10_from_low,2026-08-03,True,+70%,True,PAPER_SIGNAL_RESEARCH
KWM,B_20_from_low,2026-08-03,True,+70%,True,PAPER_SIGNAL_RESEARCH
PMI,C_20_in_1_3,2026-08-24,True,+70%,True,PAPER_SIGNAL_RESEARCH
PMI,D_rapid_expansion,2026-08-24,True,+70%,True,PAPER_SIGNAL_RESEARCH
PMI,E_base_breakout,2026-08-24,True,+70%,True,PAPER_SIGNAL_RESEARCH
AEMD,A_10_from_low,2026-08-04,True,+70%,True,PAPER_SIGNAL_RESEARCH
